{"ph": 9.927023723224528, "Hardness": 208.4907383229773, "Solids": 19666.99279150528, "Chloramines": 8.008618310012316, "Sulfate": 340.2378242732727, "Conductivity": 482.84243520889055, "Organic_carbon": 11.360427034258294, "Trihalomethanes": 85.8291127991443, "Turbidity": 4.051733473083127}